"",".studlab","studlab","outcome","TE","seTE","treat1","treat2",".treat1",".treat2",".TE",".seTE",".design",".narms"
"16","Bultas 2021","Bultas 2021","Mindfulness",0.033659911084872,0.365177913035441,"meditation (exclusive)","passive control","meditation (exclusive)","passive control",0.033659911084872,0.365177913035441,"meditation (exclusive) vs. passive control",2
"28","Dorais 2021","Dorais 2021","Mindfulness",0.0635672867551144,0.166262480008257,"meditation (exclusive)","passive control","meditation (exclusive)","passive control",0.0635672867551144,0.166262480008257,"meditation (exclusive) vs. passive control",2
"73","Johnson-Waddell 2018","Johnson-Waddell 2018","Mindfulness",0.0671405810044611,0.267974630122824,"meditation (exclusive)","passive control","meditation (exclusive)","passive control",0.0671405810044611,0.267974630122824,"meditation (exclusive) vs. passive control",2
"113","Schulte-Frankenfeld 2021","Schulte-Frankenfeld 2021","Mindfulness",0.206963959644464,0.25119822681745,"meditation (exclusive)","passive control","meditation (exclusive)","passive control",0.206963959644464,0.25119822681745,"meditation (exclusive) vs. passive control",2
"101","Nolan 2020","Nolan 2020","Mindfulness",0.276239269188928,0.247424630091841,"meditation (exclusive)","passive control","meditation (exclusive)","passive control",0.276239269188928,0.247424630091841,"meditation (exclusive) vs. passive control",2
"95","Messer 2016","Messer 2016","Mindfulness",0.375853503604144,0.242432352358765,"meditation (exclusive)","passive control","meditation (exclusive)","passive control",0.375853503604144,0.242432352358765,"meditation (exclusive) vs. passive control vs. PMR",3
"135","Tanner 2009","Tanner 2009","Mindfulness",0.381057325442172,0.145539812584306,"meditation (exclusive)","passive control","meditation (exclusive)","passive control",0.381057325442172,0.145539812584306,"meditation (exclusive) vs. passive control",2
"118","Siembor 2018","Siembor 2018","Mindfulness",0.808979531848399,0.458111899597197,"meditation (exclusive)","passive control","meditation (exclusive)","passive control",0.808979531848399,0.458111899597197,"meditation (exclusive) vs. passive control",2
"70","Huberty 2019","Huberty 2019","Mindfulness",0.980825731306073,0.231777881323957,"meditation (exclusive)","passive control","meditation (exclusive)","passive control",0.980825731306073,0.231777881323957,"meditation (exclusive) vs. passive control",2
"14","Bonamo 2015","Bonamo 2015","Mindfulness",2.49650388120915,0.285269300387999,"meditation (exclusive)","passive control","meditation (exclusive)","passive control",2.49650388120915,0.285269300387999,"meditation (exclusive) vs. passive control",2
"15","Bonamo 2015 #1#","Bonamo 2015 #1#","Mindfulness",3.23405755752775,0.336195260685938,"meditation (exclusive)","passive control","meditation (exclusive)","passive control",3.23405755752775,0.336195260685938,"meditation (exclusive) vs. passive control",2
"58","Gallagher 2022","Gallagher 2022","Mindfulness",-0.134685161178132,0.2394294112551,"meditation (exclusive)","cognitive control","cognitive control","meditation (exclusive)",0.134685161178132,0.2394294112551,"cognitive control vs. meditation (exclusive)",2
"94","Liu 2022","Liu 2022","Mindfulness",-0.091683010391747,0.288839582975491,"meditation (exclusive)","cognitive control","cognitive control","meditation (exclusive)",0.091683010391747,0.288839582975491,"cognitive control vs. meditation (exclusive)",2
"48","Flett 2019b","Flett 2019b","Mindfulness",0.125875531335562,0.192157468405935,"meditation (exclusive)","cognitive control","cognitive control","meditation (exclusive)",-0.125875531335562,0.192157468405935,"cognitive control vs. meditation (exclusive)",2
"49","Flett 2019b #1#","Flett 2019b #1#","Mindfulness",0.314587303358169,0.18177166313994,"meditation (exclusive)","cognitive control","cognitive control","meditation (exclusive)",-0.314587303358169,0.18177166313994,"cognitive control vs. meditation (exclusive)",2
"30","Flett 2019a","Flett 2019a","Mindfulness",0.336710229303825,0.167298650196792,"meditation (exclusive)","cognitive control","cognitive control","meditation (exclusive)",-0.336710229303825,0.167298650196792,"cognitive control vs. meditation (exclusive) vs. meditation with movement",3
"78","Klempel 2019","Klempel 2019","Mindfulness",0.348691180193224,0.300676582319798,"meditation (exclusive)","cognitive control","cognitive control","meditation (exclusive)",-0.348691180193224,0.300676582319798,"cognitive control vs. meditation (exclusive)",2
"66","Holden 2022","Holden 2022","Mindfulness",0.413952486537453,0.169336069299369,"meditation (exclusive)","cognitive control","cognitive control","meditation (exclusive)",-0.413952486537453,0.169336069299369,"cognitive control vs. meditation (exclusive)",2
"62","Heinrich 2023","Heinrich 2023","Mindfulness",0.44499238131663,0.169614506086291,"meditation (exclusive)","cognitive control","cognitive control","meditation (exclusive)",-0.44499238131663,0.169614506086291,"cognitive control vs. meditation (exclusive)",2
"59","Heath 2022","Heath 2022","Mindfulness",0.552004862352916,0.235544154284897,"meditation (exclusive)","cognitive control","cognitive control","meditation (exclusive)",-0.552004862352916,0.235544154284897,"cognitive control vs. meditation (exclusive)",2
"31","Flett 2019a","Flett 2019a","Mindfulness",0.318431301479227,0.173632314175615,"meditation (exclusive)","meditation with movement","meditation (exclusive)","meditation with movement",0.318431301479227,0.173632314175615,"cognitive control vs. meditation (exclusive) vs. meditation with movement",3
"97","Messer 2016","Messer 2016","Mindfulness",0.119892178747282,0.217149237750869,"meditation (exclusive)","PMR","meditation (exclusive)","PMR",0.119892178747282,0.217149237750869,"meditation (exclusive) vs. passive control vs. PMR",3
"124","Slater 2015","Slater 2015","Mindfulness",0.24233926479163,0.306303171643474,"meditation (exclusive)","PMR","meditation (exclusive)","PMR",0.24233926479163,0.306303171643474,"meditation (exclusive) vs. PMR",2
"125","Slater 2015 #1#","Slater 2015 #1#","Mindfulness",0.291739071475454,0.306851243541589,"meditation (exclusive)","PMR","meditation (exclusive)","PMR",0.291739071475454,0.306851243541589,"meditation (exclusive) vs. PMR",2
"96","Messer 2016","Messer 2016","Mindfulness",-0.320171556358503,0.243011122294152,"passive control","PMR","passive control","PMR",-0.320171556358503,0.243011122294152,"meditation (exclusive) vs. passive control vs. PMR",3
"32","Flett 2019a","Flett 2019a","Mindfulness",0.00864068115127014,0.17196490421183,"cognitive control","meditation with movement","cognitive control","meditation with movement",0.00864068115127014,0.17196490421183,"cognitive control vs. meditation (exclusive) vs. meditation with movement",3
"98","Messer 2016 #1#","Messer 2016 #1#","Stress",1.00650840016023,0.255264473889891,"meditation (exclusive)","passive control","meditation (exclusive)","passive control",1.00650840016023,0.255264473889891,"meditation (exclusive) vs. passive control",2
"128","Sloan 2016","Sloan 2016","Stress",0.991003801252082,0.332865817046629,"meditation (exclusive)","passive control","meditation (exclusive)","passive control",0.991003801252082,0.332865817046629,"meditation (exclusive) vs. passive control",2
"114","Schulte-Frankenfeld 2021 #1#","Schulte-Frankenfeld 2021 #1#","Stress",0.667319224848217,0.257760482141527,"meditation (exclusive)","passive control","meditation (exclusive)","passive control",0.667319224848217,0.257760482141527,"meditation (exclusive) vs. passive control",2
"71","Huberty 2019 #1#","Huberty 2019 #1#","Stress",0.62274920650482,0.219016804653918,"meditation (exclusive)","passive control","meditation (exclusive)","passive control",0.62274920650482,0.219016804653918,"meditation (exclusive) vs. passive control",2
"171","Weytens 2014","Weytens 2014","Stress",0.592240080736414,0.234040712025766,"meditation (exclusive)","passive control","meditation (exclusive)","passive control",0.592240080736414,0.234040712025766,"meditation (exclusive) vs. passive control vs. stress management",3
"7","Barry 2019","Barry 2019","Stress",0.572468204789217,0.225811496158935,"meditation (exclusive)","passive control","meditation (exclusive)","passive control",0.572468204789217,0.225811496158935,"meditation (exclusive) vs. passive control",2
"84","Komariah 2022","Komariah 2022","Stress",0.497144959117888,0.18393454289069,"meditation (exclusive)","passive control","meditation (exclusive)","passive control",0.497144959117888,0.18393454289069,"meditation (exclusive) vs. passive control",2
"145","Waechter 2021","Waechter 2021","Stress",0.466556204782359,0.318855113576429,"meditation (exclusive)","passive control","meditation (exclusive)","passive control",0.466556204782359,0.318855113576429,"meditation (exclusive) vs. meditation with movement vs. passive control vs. walking",4
"119","Siembor 2018 #1#","Siembor 2018 #1#","Stress",0.452748669932934,0.443674199440672,"meditation (exclusive)","passive control","meditation (exclusive)","passive control",0.452748669932934,0.443674199440672,"meditation (exclusive) vs. passive control",2
"107","Ratanasiripong 2015","Ratanasiripong 2015","Stress",0.438059028304839,0.261622746155173,"meditation (exclusive)","passive control","meditation (exclusive)","passive control",0.438059028304839,0.261622746155173,"biofeedback vs. meditation (exclusive) vs. passive control",3
"102","Nolan 2020 #1#","Nolan 2020 #1#","Stress",0.365365287104602,0.248351025301434,"meditation (exclusive)","passive control","meditation (exclusive)","passive control",0.365365287104602,0.248351025301434,"meditation (exclusive) vs. passive control",2
"89","Lee 2018","Lee 2018","Stress",0.30773382271549,0.157836147108336,"meditation (exclusive)","passive control","meditation (exclusive)","passive control",0.30773382271549,0.157836147108336,"meditation (exclusive) vs. passive control",2
"168","Warnecke 2011","Warnecke 2011","Stress",0.257987524656573,0.271207553745827,"meditation (exclusive)","passive control","meditation (exclusive)","passive control",0.257987524656573,0.271207553745827,"meditation (exclusive) vs. passive control",2
"29","Dorais 2021 #1#","Dorais 2021 #1#","Stress",0.0315263684600035,0.166231151228414,"meditation (exclusive)","passive control","meditation (exclusive)","passive control",0.0315263684600035,0.166231151228414,"meditation (exclusive) vs. passive control",2
"129","Smith 2021","Smith 2021","Stress",-0.141174610844892,0.53542948647038,"meditation (exclusive)","passive control","meditation (exclusive)","passive control",-0.141174610844892,0.53542948647038,"meditation (exclusive) vs. passive control",2
"17","Bultas 2021 #1#","Bultas 2021 #1#","Stress",-0.452484856313944,0.347894430516857,"meditation (exclusive)","passive control","meditation (exclusive)","passive control",-0.452484856313944,0.347894430516857,"meditation (exclusive) vs. passive control",2
"23","Devillers-Réolon 2022","Devillers-Réolon 2022","Stress",-0.486624103174077,0.232959857275994,"meditation (exclusive)","passive control","meditation (exclusive)","passive control",-0.486624103174077,0.232959857275994,"meditation (exclusive) vs. passive control",2
"1","Archary 2021","Archary 2021","Stress",0.21554328600837,0.317239216577962,"meditation (exclusive)","rest","meditation (exclusive)","rest",0.21554328600837,0.317239216577962,"meditation (exclusive) vs. rest",2
"2","Archary 2021 #1#","Archary 2021 #1#","Stress",0.0160801058048792,0.316233404257133,"meditation (exclusive)","rest","meditation (exclusive)","rest",0.0160801058048792,0.316233404257133,"meditation (exclusive) vs. rest",2
"67","Holden 2022 #1#","Holden 2022 #1#","Stress",0.71059109267287,0.172787494251002,"meditation (exclusive)","cognitive control","cognitive control","meditation (exclusive)",-0.71059109267287,0.172787494251002,"cognitive control vs. meditation (exclusive)",2
"63","Heinrich 2023 #1#","Heinrich 2023 #1#","Stress",0.551274001154801,0.170715818292248,"meditation (exclusive)","cognitive control","cognitive control","meditation (exclusive)",-0.551274001154801,0.170715818292248,"cognitive control vs. meditation (exclusive)",2
"50","Flett 2019b #2#","Flett 2019b #2#","Stress",0.196713165455548,0.192439727285222,"meditation (exclusive)","cognitive control","cognitive control","meditation (exclusive)",-0.196713165455548,0.192439727285222,"cognitive control vs. meditation (exclusive)",2
"33","Flett 2019a #1#","Flett 2019a #1#","Stress",0.193264829075751,0.166492446530379,"meditation (exclusive)","cognitive control","cognitive control","meditation (exclusive)",-0.193264829075751,0.166492446530379,"cognitive control vs. meditation (exclusive)",2
"51","Flett 2019b #3#","Flett 2019b #3#","Stress",0.0722678481696217,0.180687277568634,"meditation (exclusive)","cognitive control","cognitive control","meditation (exclusive)",-0.0722678481696217,0.180687277568634,"cognitive control vs. meditation (exclusive)",2
"147","Waechter 2021","Waechter 2021","Stress",0.427608167365156,0.338067239063156,"meditation (exclusive)","meditation with movement","meditation (exclusive)","meditation with movement",0.427608167365156,0.338067239063156,"meditation (exclusive) vs. meditation with movement vs. passive control vs. walking",4
"40","Flett 2019a #2#","Flett 2019a #2#","Stress",0.267716870618253,0.173305912203916,"meditation (exclusive)","meditation with movement","meditation (exclusive)","meditation with movement",0.267716870618253,0.173305912203916,"meditation (exclusive) vs. meditation with movement",2
"99","Messer 2016 #2#","Messer 2016 #2#","Stress",0.212396069178947,0.217584334725533,"meditation (exclusive)","PMR","meditation (exclusive)","PMR",0.212396069178947,0.217584334725533,"meditation (exclusive) vs. PMR",2
"108","Ratanasiripong 2015","Ratanasiripong 2015","Stress",0.211030218142605,0.26339312883441,"meditation (exclusive)","biofeedback","biofeedback","meditation (exclusive)",-0.211030218142605,0.26339312883441,"biofeedback vs. meditation (exclusive) vs. passive control",3
"173","Weytens 2014","Weytens 2014","Stress",0.17945665192836,0.237883661611146,"meditation (exclusive)","stress management","meditation (exclusive)","stress management",0.17945665192836,0.237883661611146,"meditation (exclusive) vs. passive control vs. stress management",3
"74","Kim 2021","Kim 2021","Stress",0.149431660809118,0.127521606452038,"meditation (exclusive)","stress management","meditation (exclusive)","stress management",0.149431660809118,0.127521606452038,"meditation (exclusive) vs. stress management",2
"164","Wang 2023","Wang 2023","Stress",-0.13404873795307,0.187563357994258,"meditation (exclusive)","stress management","meditation (exclusive)","stress management",-0.13404873795307,0.187563357994258,"meditation (exclusive) vs. stress management",2
"165","Wang 2023 #1#","Wang 2023 #1#","Stress",-0.135018555964267,0.182187085265551,"meditation (exclusive)","stress management","meditation (exclusive)","stress management",-0.135018555964267,0.182187085265551,"meditation (exclusive) vs. stress management",2
"148","Waechter 2021","Waechter 2021","Stress",0.171519033157029,0.413032061744997,"meditation (exclusive)","walking","meditation (exclusive)","walking",0.171519033157029,0.413032061744997,"meditation (exclusive) vs. meditation with movement vs. passive control vs. walking",4
"143","Waechter 2021","Waechter 2021","Stress",-0.168178221723174,0.304930961087618,"passive control","meditation with movement","meditation with movement","passive control",0.168178221723174,0.304930961087618,"meditation (exclusive) vs. meditation with movement vs. passive control vs. walking",4
"100","Messer 2016 #3#","Messer 2016 #3#","Stress",-0.758470624622013,0.250138485687357,"passive control","PMR","passive control","PMR",-0.758470624622013,0.250138485687357,"passive control vs. PMR",2
"109","Ratanasiripong 2015","Ratanasiripong 2015","Stress",-0.225397250308696,0.259214942991406,"passive control","biofeedback","biofeedback","passive control",0.225397250308696,0.259214942991406,"biofeedback vs. meditation (exclusive) vs. passive control",3
"172","Weytens 2014","Weytens 2014","Stress",-0.384241389047437,0.229306533164126,"passive control","stress management","passive control","stress management",-0.384241389047437,0.229306533164126,"meditation (exclusive) vs. passive control vs. stress management",3
"146","Waechter 2021","Waechter 2021","Stress",-0.334651048503771,0.391103343629151,"passive control","walking","passive control","walking",-0.334651048503771,0.391103343629151,"meditation (exclusive) vs. meditation with movement vs. passive control vs. walking",4
"41","Flett 2019a #3#","Flett 2019a #3#","Stress",0.0765150486819351,0.172028428426609,"cognitive control","meditation with movement","cognitive control","meditation with movement",0.0765150486819351,0.172028428426609,"cognitive control vs. meditation with movement",2
"144","Waechter 2021","Waechter 2021","Stress",-0.29218148968752,0.406819776731314,"meditation with movement","walking","meditation with movement","walking",-0.29218148968752,0.406819776731314,"meditation (exclusive) vs. meditation with movement vs. passive control vs. walking",4
"106","Ramsburg 2014","Ramsburg 2014","Positive affect",-0.299201186608459,0.207529312337196,"meditation (exclusive)","rest","meditation (exclusive)","rest",-0.299201186608459,0.207529312337196,"meditation (exclusive) vs. rest",2
"3","Archary 2021 #2#","Archary 2021 #2#","Positive affect",0.0283153947412496,0.316245248490589,"meditation (exclusive)","rest","meditation (exclusive)","rest",0.0283153947412496,0.316245248490589,"meditation (exclusive) vs. rest",2
"4","Archary 2021 #3#","Archary 2021 #3#","Positive affect",0.0559052780724672,0.316295910151654,"meditation (exclusive)","rest","meditation (exclusive)","rest",0.0559052780724672,0.316295910151654,"meditation (exclusive) vs. rest",2
"140","Tsai 2017","Tsai 2017","Positive affect",0.0590214596151309,0.19076701548698,"meditation (exclusive)","cognitive control","cognitive control","meditation (exclusive)",-0.0590214596151309,0.19076701548698,"cognitive control vs. meditation (exclusive)",2
"79","Klempel 2019 #1#","Klempel 2019 #1#","Positive affect",0.500717650696919,0.303267996497218,"meditation (exclusive)","cognitive control","cognitive control","meditation (exclusive)",-0.500717650696919,0.303267996497218,"cognitive control vs. meditation (exclusive)",2
"87","Lancaster 2016","Lancaster 2016","Positive affect",-0.175203167691453,0.143879884188019,"meditation (exclusive)","PMR","meditation (exclusive)","PMR",-0.175203167691453,0.143879884188019,"meditation (exclusive) vs. PMR",2
"126","Slater 2015 #2#","Slater 2015 #2#","Positive affect",-0.152823017094565,0.305566802816943,"meditation (exclusive)","PMR","meditation (exclusive)","PMR",-0.152823017094565,0.305566802816943,"meditation (exclusive) vs. PMR",2
"5","Aspy 2017","Aspy 2017","Positive affect",0.284187359756705,0.237114620907119,"meditation (exclusive)","PMR","meditation (exclusive)","PMR",0.284187359756705,0.237114620907119,"meditation (exclusive) vs. PMR",2
"6","Aspy 2017 #1#","Aspy 2017 #1#","Positive affect",0.295523346345538,0.23596841899597,"meditation (exclusive)","PMR","meditation (exclusive)","PMR",0.295523346345538,0.23596841899597,"meditation (exclusive) vs. PMR",2
"127","Slater 2015 #3#","Slater 2015 #3#","Positive affect",0.305765654220201,0.307025139496544,"meditation (exclusive)","PMR","meditation (exclusive)","PMR",0.305765654220201,0.307025139496544,"meditation (exclusive) vs. PMR",2
"80","Klibert 2022","Klibert 2022","Positive affect",-0.743600987097192,0.272293107824851,"meditation (exclusive)","stress management","meditation (exclusive)","stress management",-0.743600987097192,0.272293107824851,"meditation (exclusive) vs. stress management",2
"81","Klibert 2022 #1#","Klibert 2022 #1#","Positive affect",-0.485876509841916,0.266876929220138,"meditation (exclusive)","stress management","meditation (exclusive)","stress management",-0.485876509841916,0.266876929220138,"meditation (exclusive) vs. stress management",2
"166","Wang 2023 #2#","Wang 2023 #2#","Positive affect",-0.370838773999174,0.18900315427968,"meditation (exclusive)","stress management","meditation (exclusive)","stress management",-0.370838773999174,0.18900315427968,"meditation (exclusive) vs. stress management",2
"167","Wang 2023 #3#","Wang 2023 #3#","Positive affect",-0.185532296868655,0.182376487202082,"meditation (exclusive)","stress management","meditation (exclusive)","stress management",-0.185532296868655,0.182376487202082,"meditation (exclusive) vs. stress management",2
"82","Klibert 2022 #2#","Klibert 2022 #2#","Positive affect",-0.108022745033391,0.269935469411111,"meditation (exclusive)","stress management","meditation (exclusive)","stress management",-0.108022745033391,0.269935469411111,"meditation (exclusive) vs. stress management",2
"83","Klibert 2022 #3#","Klibert 2022 #3#","Positive affect",0.417012752406368,0.265801200378948,"meditation (exclusive)","stress management","meditation (exclusive)","stress management",0.417012752406368,0.265801200378948,"meditation (exclusive) vs. stress management",2
"174","Weytens 2014 #1#","Weytens 2014 #1#","Depression",0.716084985075697,0.236391663964686,"meditation (exclusive)","passive control","meditation (exclusive)","passive control",0.716084985075697,0.236391663964686,"meditation (exclusive) vs. passive control",2
"8","Barry 2019 #1#","Barry 2019 #1#","Depression",0.654750821407549,0.227235657152367,"meditation (exclusive)","passive control","meditation (exclusive)","passive control",0.654750821407549,0.227235657152367,"meditation (exclusive) vs. passive control",2
"130","Smith 2021 #1#","Smith 2021 #1#","Depression",0.447231647998425,0.543556360784087,"meditation (exclusive)","passive control","meditation (exclusive)","passive control",0.447231647998425,0.543556360784087,"meditation (exclusive) vs. passive control",2
"149","Waechter 2021 #1#","Waechter 2021 #1#","Depression",0.251147568331421,0.315670610381295,"meditation (exclusive)","passive control","meditation (exclusive)","passive control",0.251147568331421,0.315670610381295,"meditation (exclusive) vs. passive control",2
"85","Komariah 2022 #1#","Komariah 2022 #1#","Depression",0.254157326467035,0.181824130803792,"meditation (exclusive)","passive control","meditation (exclusive)","passive control",0.254157326467035,0.181824130803792,"meditation (exclusive) vs. passive control",2
"90","Lee 2018 #1#","Lee 2018 #1#","Depression",0.229298670676751,0.157416639617944,"meditation (exclusive)","passive control","meditation (exclusive)","passive control",0.229298670676751,0.157416639617944,"meditation (exclusive) vs. passive control",2
"103","Nolan 2020 #2#","Nolan 2020 #2#","Depression",0.227333431830764,0.247024583344947,"meditation (exclusive)","passive control","meditation (exclusive)","passive control",0.227333431830764,0.247024583344947,"meditation (exclusive) vs. passive control",2
"169","Warnecke 2011 #1#","Warnecke 2011 #1#","Depression",0.173018243297527,0.270560731124889,"meditation (exclusive)","passive control","meditation (exclusive)","passive control",0.173018243297527,0.270560731124889,"meditation (exclusive) vs. passive control",2
"19","Chen 2013","Chen 2013","Depression",-0.0853881178014284,0.258324355918356,"meditation (exclusive)","passive control","meditation (exclusive)","passive control",-0.0853881178014284,0.258324355918356,"meditation (exclusive) vs. passive control",2
"24","Devillers-Réolon 2022 #1#","Devillers-Réolon 2022 #1#","Depression",-0.443672338736237,0.232365617056156,"meditation (exclusive)","passive control","meditation (exclusive)","passive control",-0.443672338736237,0.232365617056156,"meditation (exclusive) vs. passive control",2
"68","Holden 2022 #2#","Holden 2022 #2#","Depression",0.420289355832392,0.169391314412816,"meditation (exclusive)","cognitive control","cognitive control","meditation (exclusive)",-0.420289355832392,0.169391314412816,"cognitive control vs. meditation (exclusive)",2
"52","Flett 2019b #4#","Flett 2019b #4#","Depression",0.239649214473702,0.192670840338896,"meditation (exclusive)","cognitive control","cognitive control","meditation (exclusive)",-0.239649214473702,0.192670840338896,"cognitive control vs. meditation (exclusive)",2
"53","Flett 2019b #5#","Flett 2019b #5#","Depression",0.234212834414002,0.181262225488791,"meditation (exclusive)","cognitive control","cognitive control","meditation (exclusive)",-0.234212834414002,0.181262225488791,"cognitive control vs. meditation (exclusive)",2
"42","Flett 2019a #4#","Flett 2019a #4#","Depression",0.228269581038089,0.166649232979853,"meditation (exclusive)","cognitive control","cognitive control","meditation (exclusive)",-0.228269581038089,0.166649232979853,"cognitive control vs. meditation (exclusive)",2
"153","Waechter 2021 #2#","Waechter 2021 #2#","Depression",0.252222657543444,0.335322573207228,"meditation (exclusive)","meditation with movement","meditation (exclusive)","meditation with movement",0.252222657543444,0.335322573207228,"meditation (exclusive) vs. meditation with movement",2
"43","Flett 2019a #5#","Flett 2019a #5#","Depression",0.0539027203182343,0.172548466307432,"meditation (exclusive)","meditation with movement","meditation (exclusive)","meditation with movement",0.0539027203182343,0.172548466307432,"meditation (exclusive) vs. meditation with movement",2
"75","Kim 2021 #1#","Kim 2021 #1#","Depression",0.324612400499503,0.128189138109934,"meditation (exclusive)","stress management","meditation (exclusive)","stress management",0.324612400499503,0.128189138109934,"meditation (exclusive) vs. stress management",2
"175","Weytens 2014 #2#","Weytens 2014 #2#","Depression",0.292157502626851,0.238712792063383,"meditation (exclusive)","stress management","meditation (exclusive)","stress management",0.292157502626851,0.238712792063383,"meditation (exclusive) vs. stress management",2
"154","Waechter 2021 #3#","Waechter 2021 #3#","Depression",0.122498167734432,0.412639940708992,"meditation (exclusive)","walking","meditation (exclusive)","walking",0.122498167734432,0.412639940708992,"meditation (exclusive) vs. walking",2
"155","Waechter 2021 #4#","Waechter 2021 #4#","Depression",-0.0431929820988575,0.304392430628929,"passive control","meditation with movement","meditation with movement","passive control",0.0431929820988575,0.304392430628929,"meditation with movement vs. passive control",2
"176","Weytens 2014 #3#","Weytens 2014 #3#","Depression",-0.398509424052635,0.229470458013619,"passive control","stress management","passive control","stress management",-0.398509424052635,0.229470458013619,"passive control vs. stress management",2
"156","Waechter 2021 #5#","Waechter 2021 #5#","Depression",-0.158043826153196,0.38926068765967,"passive control","walking","passive control","walking",-0.158043826153196,0.38926068765967,"passive control vs. walking",2
"44","Flett 2019a #6#","Flett 2019a #6#","Depression",-0.17144841402438,0.172286904213304,"cognitive control","meditation with movement","cognitive control","meditation with movement",-0.17144841402438,0.172286904213304,"cognitive control vs. meditation with movement",2
"157","Waechter 2021 #6#","Waechter 2021 #6#","Depression",-0.158322258192497,0.405289214427707,"meditation with movement","walking","meditation with movement","walking",-0.158322258192497,0.405289214427707,"meditation with movement vs. walking",2
"158","Waechter 2021 #7#","Waechter 2021 #7#","Anxiety",0.577677665033115,0.321224545690267,"meditation (exclusive)","passive control","meditation (exclusive)","passive control",0.577677665033115,0.321224545690267,"meditation (exclusive) vs. passive control",2
"131","Smith 2021 #2#","Smith 2021 #2#","Anxiety",0.461229346857169,0.544125633841851,"meditation (exclusive)","passive control","meditation (exclusive)","passive control",0.461229346857169,0.544125633841851,"meditation (exclusive) vs. passive control",2
"20","Chen 2013 #1#","Chen 2013 #1#","Anxiety",0.434840472107346,0.26143322895287,"meditation (exclusive)","passive control","meditation (exclusive)","passive control",0.434840472107346,0.26143322895287,"meditation (exclusive) vs. passive control",2
"110","Ratanasiripong 2015 #1#","Ratanasiripong 2015 #1#","Anxiety",0.396679355144923,0.261035336061883,"meditation (exclusive)","passive control","meditation (exclusive)","passive control",0.396679355144923,0.261035336061883,"meditation (exclusive) vs. passive control",2
"86","Komariah 2022 #2#","Komariah 2022 #2#","Anxiety",0.370536907825935,0.18266750389894,"meditation (exclusive)","passive control","meditation (exclusive)","passive control",0.370536907825935,0.18266750389894,"meditation (exclusive) vs. passive control",2
"91","Lee 2018 #2#","Lee 2018 #2#","Anxiety",0.293805332968794,0.157752791753398,"meditation (exclusive)","passive control","meditation (exclusive)","passive control",0.293805332968794,0.157752791753398,"meditation (exclusive) vs. passive control",2
"92","Lee 2018 #3#","Lee 2018 #3#","Anxiety",0.258780049231369,0.157560071786148,"meditation (exclusive)","passive control","meditation (exclusive)","passive control",0.258780049231369,0.157560071786148,"meditation (exclusive) vs. passive control",2
"9","Barry 2019 #2#","Barry 2019 #2#","Anxiety",0.226186536496198,0.221864221415353,"meditation (exclusive)","passive control","meditation (exclusive)","passive control",0.226186536496198,0.221864221415353,"meditation (exclusive) vs. passive control",2
"161","Wang 2021","Wang 2021","Anxiety",0.116009664282492,0.196323431644825,"meditation (exclusive)","passive control","meditation (exclusive)","passive control",0.116009664282492,0.196323431644825,"cognitive control vs. meditation (exclusive) vs. passive control",3
"170","Warnecke 2011 #2#","Warnecke 2011 #2#","Anxiety",0.0438109878104482,0.270064867928347,"meditation (exclusive)","passive control","meditation (exclusive)","passive control",0.0438109878104482,0.270064867928347,"meditation (exclusive) vs. passive control",2
"104","Nolan 2020 #3#","Nolan 2020 #3#","Anxiety",-0.0382855524280047,0.246206891446818,"meditation (exclusive)","passive control","meditation (exclusive)","passive control",-0.0382855524280047,0.246206891446818,"meditation (exclusive) vs. passive control",2
"25","Devillers-Réolon 2022 #2#","Devillers-Réolon 2022 #2#","Anxiety",-0.591840253601395,0.234639168185569,"meditation (exclusive)","passive control","meditation (exclusive)","passive control",-0.591840253601395,0.234639168185569,"meditation (exclusive) vs. passive control",2
"136","Tloczynski 1994","Tloczynski 1994","Anxiety",-0.693430241474236,0.877414949749485,"meditation (exclusive)","passive control","meditation (exclusive)","passive control",-0.693430241474236,0.877414949749485,"meditation (exclusive) vs. passive control vs. rest",3
"121","Silvestre-López 2021","Silvestre-López 2021","Anxiety",0.236606115867424,0.163372635642,"meditation (exclusive)","rest","meditation (exclusive)","rest",0.236606115867424,0.163372635642,"meditation (exclusive) vs. rest",2
"122","Silvestre-López 2021 #1#","Silvestre-López 2021 #1#","Anxiety",0.209196686332608,0.157755734609239,"meditation (exclusive)","rest","meditation (exclusive)","rest",0.209196686332608,0.157755734609239,"meditation (exclusive) vs. rest",2
"123","Silvestre-López 2021 #2#","Silvestre-López 2021 #2#","Anxiety",-0.447916908281596,0.161457762913222,"meditation (exclusive)","rest","meditation (exclusive)","rest",-0.447916908281596,0.161457762913222,"meditation (exclusive) vs. rest",2
"27","Dillbeck 1977","Dillbeck 1977","Anxiety",-0.48026008197939,0.353928509397419,"meditation (exclusive)","rest","meditation (exclusive)","rest",-0.48026008197939,0.353928509397419,"meditation (exclusive) vs. rest",2
"137","Tloczynski 1994","Tloczynski 1994","Anxiety",-1.35167851972153,0.927109935128636,"meditation (exclusive)","rest","meditation (exclusive)","rest",-1.35167851972153,0.927109935128636,"meditation (exclusive) vs. passive control vs. rest",3
"183","Zeidan 2010","Zeidan 2010","Anxiety",0.810397947856459,0.278933686911411,"meditation (exclusive)","cognitive control","cognitive control","meditation (exclusive)",-0.810397947856459,0.278933686911411,"cognitive control vs. meditation (exclusive)",2
"69","Holden 2022 #3#","Holden 2022 #3#","Anxiety",0.525157005624097,0.170424106272465,"meditation (exclusive)","cognitive control","cognitive control","meditation (exclusive)",-0.525157005624097,0.170424106272465,"cognitive control vs. meditation (exclusive)",2
"64","Heinrich 2023 #2#","Heinrich 2023 #2#","Anxiety",0.491968654550204,0.170073173361126,"meditation (exclusive)","cognitive control","cognitive control","meditation (exclusive)",-0.491968654550204,0.170073173361126,"cognitive control vs. meditation (exclusive)",2
"163","Wang 2021","Wang 2021","Anxiety",0.383768755243972,0.206466231981082,"meditation (exclusive)","cognitive control","cognitive control","meditation (exclusive)",-0.383768755243972,0.206466231981082,"cognitive control vs. meditation (exclusive) vs. passive control",3
"184","Zeidan 2010 #1#","Zeidan 2010 #1#","Anxiety",0.373451924847757,0.272589153742691,"meditation (exclusive)","cognitive control","cognitive control","meditation (exclusive)",-0.373451924847757,0.272589153742691,"cognitive control vs. meditation (exclusive)",2
"60","Heath 2022 #1#","Heath 2022 #1#","Anxiety",0.225628655790494,0.23173272195016,"meditation (exclusive)","cognitive control","cognitive control","meditation (exclusive)",-0.225628655790494,0.23173272195016,"cognitive control vs. meditation (exclusive)",2
"54","Flett 2019b #6#","Flett 2019b #6#","Anxiety",0.147105876050183,0.19222909304567,"meditation (exclusive)","cognitive control","cognitive control","meditation (exclusive)",-0.147105876050183,0.19222909304567,"cognitive control vs. meditation (exclusive)",2
"55","Flett 2019b #7#","Flett 2019b #7#","Anxiety",0.0811979065646589,0.180703177490101,"meditation (exclusive)","cognitive control","cognitive control","meditation (exclusive)",-0.0811979065646589,0.180703177490101,"cognitive control vs. meditation (exclusive)",2
"45","Flett 2019a #7#","Flett 2019a #7#","Anxiety",0.0806838402834515,0.16616426402607,"meditation (exclusive)","cognitive control","cognitive control","meditation (exclusive)",-0.0806838402834515,0.16616426402607,"cognitive control vs. meditation (exclusive)",2
"61","Heath 2022 #2#","Heath 2022 #2#","Anxiety",0,0.230960638422895,"meditation (exclusive)","cognitive control","cognitive control","meditation (exclusive)",0,0.230960638422895,"cognitive control vs. meditation (exclusive)",2
"159","Waechter 2021 #8#","Waechter 2021 #8#","Anxiety",0.300405152912157,0.335937456505036,"meditation (exclusive)","meditation with movement","meditation (exclusive)","meditation with movement",0.300405152912157,0.335937456505036,"meditation (exclusive) vs. meditation with movement",2
"46","Flett 2019a #8#","Flett 2019a #8#","Anxiety",0.0577733294415199,0.172553237843512,"meditation (exclusive)","meditation with movement","meditation (exclusive)","meditation with movement",0.0577733294415199,0.172553237843512,"meditation (exclusive) vs. meditation with movement",2
"116","Shenesey 2014","Shenesey 2014","Anxiety",-0.088882173504737,0.231080620842447,"meditation (exclusive)","PMR","meditation (exclusive)","PMR",-0.088882173504737,0.231080620842447,"meditation (exclusive) vs. PMR",2
"117","Shenesey 2014 #1#","Shenesey 2014 #1#","Anxiety",-0.10114726510202,0.231116007044314,"meditation (exclusive)","PMR","meditation (exclusive)","PMR",-0.10114726510202,0.231116007044314,"meditation (exclusive) vs. PMR",2
"88","Lancaster 2016 #1#","Lancaster 2016 #1#","Anxiety",-0.436393808684971,0.145331496517529,"meditation (exclusive)","PMR","meditation (exclusive)","PMR",-0.436393808684971,0.145331496517529,"meditation (exclusive) vs. PMR",2
"111","Ratanasiripong 2015 #2#","Ratanasiripong 2015 #2#","Anxiety",-0.481491828874828,0.266649775816721,"meditation (exclusive)","biofeedback","biofeedback","meditation (exclusive)",0.481491828874828,0.266649775816721,"biofeedback vs. meditation (exclusive)",2
"134","Spruin 2021","Spruin 2021","Anxiety",1.35647466857658,0.283389213166559,"meditation (exclusive)","stress management","meditation (exclusive)","stress management",1.35647466857658,0.283389213166559,"dog therapy vs. meditation (exclusive) vs. stress management",3
"76","Kim 2021 #2#","Kim 2021 #2#","Anxiety",-0.0375654243289946,0.1273529032838,"meditation (exclusive)","stress management","meditation (exclusive)","stress management",-0.0375654243289946,0.1273529032838,"meditation (exclusive) vs. stress management",2
"132","Spruin 2021","Spruin 2021","Anxiety",-0.0233832194186982,0.252017218465971,"meditation (exclusive)","dog therapy","dog therapy","meditation (exclusive)",0.0233832194186982,0.252017218465971,"dog therapy vs. meditation (exclusive) vs. stress management",3
"160","Waechter 2021 #9#","Waechter 2021 #9#","Anxiety",0.351076411427162,0.415575924913373,"meditation (exclusive)","walking","meditation (exclusive)","walking",0.351076411427162,0.415575924913373,"meditation (exclusive) vs. walking",2
"138","Tloczynski 1994","Tloczynski 1994","Anxiety",-0.671954179295219,0.807212251852476,"passive control","rest","passive control","rest",-0.671954179295219,0.807212251852476,"meditation (exclusive) vs. passive control vs. rest",3
"162","Wang 2021","Wang 2021","Anxiety",0.275555475518345,0.203698194022953,"passive control","cognitive control","cognitive control","passive control",-0.275555475518345,0.203698194022953,"cognitive control vs. meditation (exclusive) vs. passive control",3
"150","Waechter 2021 #10#","Waechter 2021 #10#","Anxiety",-0.381275675020503,0.307306396713761,"passive control","meditation with movement","meditation with movement","passive control",0.381275675020503,0.307306396713761,"meditation with movement vs. passive control",2
"112","Ratanasiripong 2015 #3#","Ratanasiripong 2015 #3#","Anxiety",-0.779343816545582,0.268587800614025,"passive control","biofeedback","biofeedback","passive control",0.779343816545582,0.268587800614025,"biofeedback vs. passive control",2
"151","Waechter 2021 #11#","Waechter 2021 #11#","Anxiety",-0.281584527668271,0.390411855145915,"passive control","walking","passive control","walking",-0.281584527668271,0.390411855145915,"passive control vs. walking",2
"47","Flett 2019a #9#","Flett 2019a #9#","Anxiety",-0.0183680978430521,0.171967792221653,"cognitive control","meditation with movement","cognitive control","meditation with movement",-0.0183680978430521,0.171967792221653,"cognitive control vs. meditation with movement",2
"152","Waechter 2021 #12#","Waechter 2021 #12#","Anxiety",0.0884385696789445,0.404850470895947,"meditation with movement","walking","meditation with movement","walking",0.0884385696789445,0.404850470895947,"meditation with movement vs. walking",2
"133","Spruin 2021","Spruin 2021","Anxiety",-1.20058804159706,0.275084030174765,"stress management","dog therapy","dog therapy","stress management",1.20058804159706,0.275084030174765,"dog therapy vs. meditation (exclusive) vs. stress management",3
"10","Barry 2019 #3#","Barry 2019 #3#","Self-efficacy",0.410320367118407,0.223545537227595,"meditation (exclusive)","passive control","meditation (exclusive)","passive control",0.410320367118407,0.223545537227595,"meditation (exclusive) vs. passive control",2
"18","Bultas 2021 #2#","Bultas 2021 #2#","Resilience Scale",-0.763631305304116,0.368522301996647,"meditation (exclusive)","passive control","meditation (exclusive)","passive control",-0.763631305304116,0.368522301996647,"meditation (exclusive) vs. passive control",2
"11","Barry 2019 #4#","Barry 2019 #4#","Resilience Scale",0.258414960966408,0.222089002070097,"meditation (exclusive)","passive control","meditation (exclusive)","passive control",0.258414960966408,0.222089002070097,"meditation (exclusive) vs. passive control",2
"56","Flett 2019b #8#","Flett 2019b #8#","Resilience Scale",0,0.191961512933191,"meditation (exclusive)","cognitive control","cognitive control","meditation (exclusive)",0,0.191961512933191,"cognitive control vs. meditation (exclusive)",2
"34","Flett 2019a #10#","Flett 2019a #10#","Resilience Scale",0.0811978932674714,0.166165150394763,"meditation (exclusive)","cognitive control","cognitive control","meditation (exclusive)",-0.0811978932674714,0.166165150394763,"cognitive control vs. meditation (exclusive)",2
"57","Flett 2019b #9#","Flett 2019b #9#","Resilience Scale",0.326950376358622,0.181863114268603,"meditation (exclusive)","cognitive control","cognitive control","meditation (exclusive)",-0.326950376358622,0.181863114268603,"cognitive control vs. meditation (exclusive)",2
"35","Flett 2019a #11#","Flett 2019a #11#","Resilience Scale",-0.0136212124112332,0.172518438328908,"meditation (exclusive)","meditation with movement","meditation (exclusive)","meditation with movement",-0.0136212124112332,0.172518438328908,"meditation (exclusive) vs. meditation with movement",2
"36","Flett 2019a #12#","Flett 2019a #12#","Resilience Scale",-0.0946536539442411,0.172062541797186,"cognitive control","meditation with movement","cognitive control","meditation with movement",-0.0946536539442411,0.172062541797186,"cognitive control vs. meditation with movement",2
"12","Barry 2019 #5#","Barry 2019 #5#","Hope",0.727122663934009,0.228637393429435,"meditation (exclusive)","passive control","meditation (exclusive)","passive control",0.727122663934009,0.228637393429435,"meditation (exclusive) vs. passive control",2
"13","Barry 2019 #6#","Barry 2019 #6#","Optimism or positive attributional style",0.148773146533934,0.221445846744997,"meditation (exclusive)","passive control","meditation (exclusive)","passive control",0.148773146533934,0.221445846744997,"meditation (exclusive) vs. passive control",2
"21","deGrace 1976","deGrace 1976","Well-being or quality of life",-0.191693111013175,0.428361579482495,"meditation (exclusive)","passive control","meditation (exclusive)","passive control",-0.191693111013175,0.428361579482495,"meditation (exclusive) vs. passive control",2
"26","Devillers-Réolon 2022 #3#","Devillers-Réolon 2022 #3#","Well-being or quality of life",0.0208928892413252,0.229422317328721,"meditation (exclusive)","passive control","meditation (exclusive)","passive control",0.0208928892413252,0.229422317328721,"meditation (exclusive) vs. passive control",2
"105","Nolan 2020 #4#","Nolan 2020 #4#","Well-being or quality of life",0.270603152926926,0.247374600992909,"meditation (exclusive)","passive control","meditation (exclusive)","passive control",0.270603152926926,0.247374600992909,"meditation (exclusive) vs. passive control",2
"93","Lee 2018 #4#","Lee 2018 #4#","Well-being or quality of life",0.386754818467849,0.158381037969627,"meditation (exclusive)","passive control","meditation (exclusive)","passive control",0.386754818467849,0.158381037969627,"meditation (exclusive) vs. passive control",2
"115","Schulte-Frankenfeld 2021 #2#","Schulte-Frankenfeld 2021 #2#","Well-being or quality of life",0.444649208000716,0.253743539954673,"meditation (exclusive)","passive control","meditation (exclusive)","passive control",0.444649208000716,0.253743539954673,"meditation (exclusive) vs. passive control",2
"177","Weytens 2014 #4#","Weytens 2014 #4#","Well-being or quality of life",0.504787730428753,0.232637514745525,"meditation (exclusive)","passive control","meditation (exclusive)","passive control",0.504787730428753,0.232637514745525,"meditation (exclusive) vs. passive control",2
"37","Flett 2019a #13#","Flett 2019a #13#","Well-being or quality of life",-0.0840666820404404,0.166170200253903,"meditation (exclusive)","cognitive control","cognitive control","meditation (exclusive)",0.0840666820404404,0.166170200253903,"cognitive control vs. meditation (exclusive)",2
"38","Flett 2019a #14#","Flett 2019a #14#","Well-being or quality of life",0.0209452780048711,0.172521233474518,"meditation (exclusive)","meditation with movement","meditation (exclusive)","meditation with movement",0.0209452780048711,0.172521233474518,"meditation (exclusive) vs. meditation with movement",2
"178","Weytens 2014 #5#","Weytens 2014 #5#","Well-being or quality of life",-0.0784795185982415,0.237476307291286,"meditation (exclusive)","stress management","meditation (exclusive)","stress management",-0.0784795185982415,0.237476307291286,"meditation (exclusive) vs. stress management",2
"179","Weytens 2014 #6#","Weytens 2014 #6#","Well-being or quality of life",-0.668832254475055,0.233665501057538,"passive control","stress management","passive control","stress management",-0.668832254475055,0.233665501057538,"passive control vs. stress management",2
"39","Flett 2019a #15#","Flett 2019a #15#","Well-being or quality of life",0.116449471751618,0.172113084374112,"cognitive control","meditation with movement","cognitive control","meditation with movement",0.116449471751618,0.172113084374112,"cognitive control vs. meditation with movement",2
"139","Toole 2016","Toole 2016","Self-compassion",0.245465519926472,0.224488509652673,"meditation (exclusive)","passive control","meditation (exclusive)","passive control",0.245465519926472,0.224488509652673,"meditation (exclusive) vs. passive control",2
"72","Huberty 2019 #2#","Huberty 2019 #2#","Self-compassion",0.569305203673333,0.219597677624229,"meditation (exclusive)","passive control","meditation (exclusive)","passive control",0.569305203673333,0.219597677624229,"meditation (exclusive) vs. passive control",2
"65","Heinrich 2023 #3#","Heinrich 2023 #3#","Self-compassion",0.214553225129451,0.168021085786009,"meditation (exclusive)","cognitive control","cognitive control","meditation (exclusive)",-0.214553225129451,0.168021085786009,"cognitive control vs. meditation (exclusive)",2
"180","Weytens 2014 #7#","Weytens 2014 #7#","Positive emotion",0.687157114040267,0.235804886511257,"meditation (exclusive)","passive control","meditation (exclusive)","passive control",0.687157114040267,0.235804886511257,"meditation (exclusive) vs. passive control",2
"181","Weytens 2014 #8#","Weytens 2014 #8#","Positive emotion",0.120902743736778,0.237608673932009,"meditation (exclusive)","stress management","meditation (exclusive)","stress management",0.120902743736778,0.237608673932009,"meditation (exclusive) vs. stress management",2
"77","Kim 2021 #3#","Kim 2021 #3#","Positive emotion",0.293141936797864,0.128033176477186,"meditation (exclusive)","stress management","meditation (exclusive)","stress management",0.293141936797864,0.128033176477186,"meditation (exclusive) vs. stress management",2
"182","Weytens 2014 #9#","Weytens 2014 #9#","Positive emotion",-0.575853676100558,0.231991965903457,"passive control","stress management","passive control","stress management",-0.575853676100558,0.231991965903457,"passive control vs. stress management",2
"141","Vasiliauskas 2013","Vasiliauskas 2013","Empathy",0.0213786605515695,0.130993444870571,"meditation (exclusive)","passive control","meditation (exclusive)","passive control",0.0213786605515695,0.130993444870571,"meditation (exclusive) vs. passive control",2
"142","Vasiliauskas 2013 #1#","Vasiliauskas 2013 #1#","Empathy",0.247245598163953,0.131493223155332,"meditation (exclusive)","passive control","meditation (exclusive)","passive control",0.247245598163953,0.131493223155332,"meditation (exclusive) vs. passive control",2
"120","Siembor 2018 #2#","Siembor 2018 #2#","Active coping",0.233131133508441,0.438729362441333,"meditation (exclusive)","passive control","meditation (exclusive)","passive control",0.233131133508441,0.438729362441333,"meditation (exclusive) vs. passive control",2
"22","deGrace 1976 #1#","deGrace 1976 #1#","Self-acceptance",-0.602537199622736,0.438137833747231,"meditation (exclusive)","passive control","meditation (exclusive)","passive control",-0.602537199622736,0.438137833747231,"meditation (exclusive) vs. passive control",2
